{
  "forget_quality": 0.5971830985915493,
  "forget_accuracy": 0.4028169014084507,
  "retain_accuracy": 0.39502762430939226,
  "mia_auroc": -1.0
}