{
  "forget_quality": 0.49577464788732395,
  "forget_accuracy": 0.504225352112676,
  "retain_accuracy": 0.39226519337016574,
  "mia_auroc": -1.0
}