{
  "forget_quality": 0.7014084507042253,
  "forget_accuracy": 0.29859154929577464,
  "retain_accuracy": 0.30662983425414364,
  "mia_auroc": -1.0
}