{
  "forget_quality": 0.7154929577464788,
  "forget_accuracy": 0.28450704225352114,
  "retain_accuracy": 0.30386740331491713,
  "mia_auroc": -1.0
}