{
  "forget_quality": 0.47887323943661975,
  "forget_accuracy": 0.5211267605633803,
  "retain_accuracy": 0.4005524861878453,
  "mia_auroc": -1.0
}