{
  "forget_quality": 0.7806663948823538,
  "forget_accuracy": 0.2193336051176462,
  "retain_accuracy": 1.0,
  "mia_auroc": -1.0
}