{
  "pre_unlearn": {
    "greedy_rouge_l": 0.17029370921659237,
    "beam_rouge_l": 0.19354636591478697,
    "tree_rouge_l": 0.250400577361089,
    "avg_logprob": -2.3972187489271164,
    "leakage_rate": 0.25
  },
  "post_unlearn": {
    "greedy_rouge_l": 0.08759920634920636,
    "beam_rouge_l": 0.1686803065032833,
    "tree_rouge_l": 0.20418208996613105,
    "avg_logprob": -2.7938551753759384,
    "leakage_rate": 0.125
  }
}