{
  "forget_quality": 0.49577464788732395,
  "forget_accuracy": 0.504225352112676,
  "retain_accuracy": 0.3756906077348066,
  "mia_auroc": -1.0
}