{
  "forget_quality": 0.49295774647887325,
  "forget_accuracy": 0.5070422535211268,
  "retain_accuracy": 0.3784530386740331,
  "mia_auroc": -1.0
}