{
  "forget_quality": 0.4366099340048628,
  "forget_accuracy": 0.5633900659951372,
  "retain_accuracy": 0.5399504490554351,
  "mia_auroc": 0.431375
}