{
  "forget_quality": 0.45915492957746484,
  "forget_accuracy": 0.5408450704225352,
  "retain_accuracy": 0.4116022099447514,
  "mia_auroc": -1.0
}