{
  "forget_quality": 0.4309859154929577,
  "forget_accuracy": 0.5690140845070423,
  "retain_accuracy": 0.4585635359116022,
  "mia_auroc": -1.0
}