{
  "forget_quality": 0.19999999999999996,
  "forget_accuracy": 0.8,
  "retain_accuracy": 0.6712707182320442,
  "mia_auroc": -1.0
}