{
  "forget_quality": 0.43556790552275093,
  "forget_accuracy": 0.5644320944772491,
  "retain_accuracy": 0.5425828429854445,
  "mia_auroc": -1.0
}