{
  "forget_quality": 0.45070422535211263,
  "forget_accuracy": 0.5492957746478874,
  "retain_accuracy": 0.42265193370165743,
  "mia_auroc": -1.0
}