{
  "forget_quality": 0.44737756165335185,
  "forget_accuracy": 0.5526224383466481,
  "retain_accuracy": 0.5386342520904305,
  "mia_auroc": 0.337875
}