{
  "forget_quality": 0.4331365057311567,
  "forget_accuracy": 0.5668634942688433,
  "retain_accuracy": 0.5439764633013316,
  "mia_auroc": -1.0
}