{
  "forget_quality": 0.47323943661971835,
  "forget_accuracy": 0.5267605633802817,
  "retain_accuracy": 0.4005524861878453,
  "mia_auroc": -1.0
}