{
  "forget_quality": 0.46760563380281694,
  "forget_accuracy": 0.532394366197183,
  "retain_accuracy": 0.4088397790055249,
  "mia_auroc": -1.0
}