{
  "forget_quality": 0.46478873239436624,
  "forget_accuracy": 0.5352112676056338,
  "retain_accuracy": 0.40331491712707185,
  "mia_auroc": -1.0
}