{
  "forget_quality": 0.48732394366197185,
  "forget_accuracy": 0.5126760563380282,
  "retain_accuracy": 0.40331491712707185,
  "mia_auroc": -1.0
}