{
  "forget_quality": 0.4157693643626259,
  "forget_accuracy": 0.5842306356373741,
  "retain_accuracy": 0.5610096004955094,
  "mia_auroc": 0.4389374999999999
}